2026-05-22 04:08 | 🌎 US | WURLDCAP | 0.000058947837 | 58,480 | 1082 | 11 | 115693.14772748 | 8/10
2026-05-22 04:08 | 🌎 US | TOLYBOT | 0.0011496683 | 1,149,426 | 5497 | 76 | 28297.14794443 | 2/4
2026-05-22 04:08 | 🌎 US | Opossum | 0.000024925717 | 24,923 | 279 | 12 | 1748.48479628 | 0/2
2026-05-22 04:08 | 🌎 US | Panda | 0.000062913573 | 62,894 | 431 | 28 | 1628.90680741 | 0/0
2026-05-22 04:08 | 🌎 US | CupMarkets | 0 | 0 | 2 | 0 | 0 | 0/0
2026-05-22 04:51 | 🌏 Asia | MARKET | Vol=0 | Tokens=0 | Traders=0 | Fees=0SOL
2026-05-22 04:51 | 🌏 Asia | WURLDCAP | 0.000043720593 | 43,373 | 967 | 11 | 65806.8691143 | 3/3
2026-05-22 04:51 | 🌏 Asia | TOLYBOT | 0.0011534034 | 1,153,160 | 5502 | 76 | 26218.0899174 | 1/1
2026-05-22 04:51 | 🌏 Asia | Opossum | 0.000042401696 | 42,398 | 281 | 13 | 4241.29993405 | 9/6
2026-05-22 04:51 | 🌏 Asia | Panda | 0.000061423213 | 61,404 | 425 | 28 | 329.20416095 | 0/0
2026-05-22 04:51 | 🌏 Asia | CupMarkets | 0 | 0 | 2 | 0 | 0 | 0/0
2026-05-22 04:54 | 🌍 Europe | MARKET | Vol=45744105.47378736 | Tokens=38812 | Traders=75344 | Fees=2693.436267056SOL
2026-05-22 04:54 | 🌍 Europe | REGIME | saturated | Vol/token=1179
2026-05-22 04:54 | 🌍 Europe | WURLDCAP | 0.000041286531 | 40,958 | 955 | 11 | 63328.074561661 | 15/3
2026-05-22 04:54 | 🌍 Europe | TOLYBOT | 0.0011601483 | 1,159,904 | 5500 | 76 | 24784.92184946 | 1/1
2026-05-22 04:54 | 🌍 Europe | Opossum | 0.000045414024 | 45,410 | 283 | 13 | 4598.080934329 | 2/0
2026-05-22 04:54 | 🌍 Europe | Panda | 0.000061423213 | 61,404 | 425 | 28 | 165.44361903 | 0/0
2026-05-22 04:54 | 🌍 Europe | CupMarkets | 0 | 0 | 2 | 0 | 0 | 0/0
2026-05-22 04:55 | 🌎 US | MARKET | Vol=45744105.47378736 | Tokens=38812 | Traders=75344 | Fees=2693.436267056SOL
2026-05-22 04:55 | 🌎 US | REGIME | saturated | Vol/token=1179
2026-05-22 04:55 | 🌎 US | WURLDCAP | 0.000041480563 | 41,151 | 955 | 11 | 63349.67731007 | 14/2
2026-05-22 04:55 | 🌎 US | TOLYBOT | 0.0011601483 | 1,159,904 | 5500 | 76 | 24759.96755597 | 1/0
2026-05-22 04:55 | 🌎 US | Opossum | 0.000045414024 | 45,410 | 283 | 13 | 4597.2145883 | 2/0
2026-05-22 04:55 | 🌎 US | Panda | 0.000061423213 | 61,404 | 425 | 28 | 165.44361903 | 0/0
2026-05-22 04:55 | 🌎 US | CupMarkets | 0 | 0 | 2 | 0 | 0 | 0/0
2026-05-22 10:00 | 🌍 Europe | MARKET | Vol=0 | Tokens=0 | Traders=0 | Fees=202.773612165SOL
2026-05-22 10:00 | 🌍 Europe | WURLDCAP | 0.000027062882 | 26,847 | 772 | 12 | 3417.77328297 | 1/4
2026-05-22 10:00 | 🌍 Europe | TOLYBOT | 0.0013061309 | 1,305,855 | 5468 | 77 | 24591.93619637 | 0/2
2026-05-22 10:00 | 🌍 Europe | Opossum | 0.000029396287 | 29,393 | 269 | 13 | 651.6966978 | 0/0
2026-05-22 10:00 | 🌍 Europe | Panda | 0.000052629917 | 52,614 | 423 | 28 | 133.73119975 | 0/0
2026-05-22 10:00 | 🌍 Europe | CupMarkets | 0 | 0 | 2 | 0 | 0 | 0/0
2026-05-22 16:00 | 🌎 US | MARKET | Vol=12734424.88967005 | Tokens=8681 | Traders=30483 | Fees=756.769883124SOL
2026-05-22 16:00 | 🌎 US | REGIME | saturated | Vol/token=1467
2026-05-22 16:00 | 🌎 US | WURLDCAP | 0.000033580564 | 33,313 | 733 | 12 | 3133.68006169 | 3/0
2026-05-22 16:00 | 🌎 US | TOLYBOT | 0.0012556645 | 1,255,400 | 5423 | 77 | 11209.36188557 | 1/2
2026-05-22 16:00 | 🌎 US | Opossum | 0.000025664105 | 25,662 | 271 | 13 | 759.74368856 | 2/5
2026-05-22 16:00 | 🌎 US | Panda | 0.000054013242 | 53,996 | 417 | 28 | 357.39781445 | 0/0
2026-05-22 16:00 | 🌎 US | CupMarkets | 0 | 0 | 2 | 0 | 0 | 0/0
2026-05-23 02:00 | 🌏 Asia | MARKET | Vol=24681642.48870646 | Tokens=23380 | Traders=46870 | Fees=2266.837778775SOL
2026-05-23 02:00 | 🌏 Asia | REGIME | saturated | Vol/token=1056
2026-05-23 02:00 | 🌏 Asia | WURLDCAP | 0.000013180723 | 13,076 | 609 | 12 | 3597.44700332 | 0/1
2026-05-23 02:00 | 🌏 Asia | TOLYBOT | 0.0012842416 | 1,283,538 | 5353 | 77 | 30817.12380614 | 1/2
2026-05-23 02:00 | 🌏 Asia | Opossum | 0.000023073101 | 23,071 | 255 | 13 | 1425.87797544 | 0/0
2026-05-23 02:00 | 🌏 Asia | Panda | 0.000059764152 | 59,746 | 408 | 28 | 307.66906861 | 0/0
2026-05-23 02:00 | 🌏 Asia | CupMarkets | 0 | 0 | 2 | 0 | 0 | 0/0
2026-05-23 10:00 | 🌍 Europe | MARKET | Vol=0 | Tokens=0 | Traders=0 | Fees=242.520870195SOL
2026-05-23 10:00 | 🌍 Europe | WURLDCAP | 0.0000074525799 | 7,393 | 538 | 12 | 462.61211446 | 0/0
2026-05-23 10:00 | 🌍 Europe | TOLYBOT | 0.00060484932 | 604,518 | 5320 | 80 | 77945.64225558 | 12/3
2026-05-23 10:00 | 🌍 Europe | Opossum | 0.000022089312 | 22,087 | 291 | 18 | 2634.59252368 | 0/0
2026-05-23 10:00 | 🌍 Europe | Panda | 0.000048621986 | 48,607 | 417 | 28 | 109.043413165 | 0/0
2026-05-23 10:00 | 🌍 Europe | CupMarkets | 0 | 0 | 2 | 0 | 0 | 0/0
2026-05-23 16:00 | 🌎 US | MARKET | Vol=14092540.640008666 | Tokens=6232 | Traders=25311 | Fees=900.375897378SOL
2026-05-23 16:00 | 🌎 US | REGIME | saturated | Vol/token=2261
2026-05-23 16:00 | 🌎 US | WURLDCAP | 0.0000068318058 | 6,777 | 520 | 12 | 652.13993127 | 0/0
2026-05-23 16:00 | 🌎 US | TOLYBOT | 0.00055834396 | 558,038 | 5187 | 80 | 25216.35268319 | 0/2
2026-05-23 16:00 | 🌎 US | Opossum | 0.000028055801 | 28,053 | 258 | 18 | 556.21024687 | 0/0
2026-05-23 16:00 | 🌎 US | Panda | 0.000049684157 | 49,669 | 406 | 28 | 1.10555061 | 0/0
2026-05-23 16:00 | 🌎 US | CupMarkets | 0 | 0 | 2 | 0 | 0 | 0/0
2026-05-24 02:00 | 🌏 Asia | MARKET | Vol=23777936.60554387 | Tokens=14732 | Traders=40352 | Fees=2170.291507107SOL
2026-05-24 02:00 | 🌏 Asia | REGIME | saturated | Vol/token=1614
2026-05-24 02:00 | 🌏 Asia | WURLDCAP | 0.0000069851677 | 6,929 | 504 | 13 | 238.27982021 | 0/0
2026-05-24 02:00 | 🌏 Asia | TOLYBOT | 0.00050517399 | 504,897 | 5136 | 80 | 30632.38093546 | 1/3
2026-05-24 02:00 | 🌏 Asia | Opossum | 0.000039793226 | 39,789 | 255 | 18 | 2299.53500676 | 0/0
2026-05-24 02:00 | 🌏 Asia | Panda | 0.000043730354 | 43,717 | 396 | 28 | 34.77764009 | 0/0
2026-05-24 02:00 | 🌏 Asia | CupMarkets | 0 | 0 | 49 | 0 | 0 | 0/0
2026-05-24 10:00 | 🌍 Europe | MARKET | Vol=0 | Tokens=1701 | Traders=0 | Fees=0SOL
2026-05-24 10:00 | 🌍 Europe | WURLDCAP | 0.0000062649908 | 6,214 | 489 | 13 | 159.21975483 | 0/0
2026-05-24 10:00 | 🌍 Europe | TOLYBOT | 0.00062054285 | 620,203 | 5151 | 84 | 50048.9551814 | 2/0
2026-05-24 10:00 | 🌍 Europe | Opossum | 0.000032144448 | 32,141 | 247 | 18 | 1354.26355452 | 0/0
2026-05-24 10:00 | 🌍 Europe | Panda | 0.000049065719 | 49,050 | 390 | 28 | 0.091796702 | 0/0
2026-05-24 10:00 | 🌍 Europe | CupMarkets | 0 | 0 | 254 | 0 | 0 | 0/0
2026-05-24 16:00 | 🌎 US | MARKET | Vol=14494536.183906795 | Tokens=6080 | Traders=30833 | Fees=863.211697042SOL
2026-05-24 16:00 | 🌎 US | REGIME | saturated | Vol/token=2384
2026-05-24 16:00 | 🌎 US | WURLDCAP | 0.0000055711107 | 5,526 | 480 | 13 | 15.6810728 | 0/0
2026-05-24 16:00 | 🌎 US | TOLYBOT | 0.00080625544 | 805,813 | 5091 | 84 | 39394.38363402 | 3/7
2026-05-24 16:00 | 🌎 US | Opossum | 0.000030622174 | 30,619 | 265 | 18 | 1841.3206239 | 0/0
2026-05-24 16:00 | 🌎 US | Panda | 0.00004971488 | 49,699 | 393 | 28 | 0 | 0/0
2026-05-24 16:00 | 🌎 US | CupMarkets | 0 | 0 | 293 | 0 | 0 | 0/0
2026-05-25 02:00 | 🌏 Asia | MARKET | Vol=25118323.14706488 | Tokens=14875 | Traders=47518 | Fees=2206.09109488SOL
2026-05-25 02:00 | 🌏 Asia | REGIME | saturated | Vol/token=1689
2026-05-25 02:00 | 🌏 Asia | WURLDCAP | 0.0000068312042 | 6,776 | 483 | 13 | 80.25302736 | 0/0
2026-05-25 02:00 | 🌏 Asia | TOLYBOT | 0.00055492024 | 554,615 | 5092 | 84 | 26327.034276915 | 0/3
2026-05-25 02:00 | 🌏 Asia | Opossum | 0.000036717245 | 36,714 | 241 | 18 | 101.21591306 | 0/0
2026-05-25 02:00 | 🌏 Asia | Panda | 0.000054430298 | 54,413 | 392 | 28 | 127.6701248 | 0/0
2026-05-25 02:00 | 🌏 Asia | CupMarkets | 0 | 0 | 329 | 0 | 0 | 0/0
2026-05-25 10:00 | 🌍 Europe | MARKET | Vol=0 | Tokens=0 | Traders=0 | Fees=323.411016954SOL
2026-05-25 10:00 | 🌍 Europe | WURLDCAP | 0.0000071242358 | 7,066 | 471 | 13 | 12.90522801 | 0/0
2026-05-25 10:00 | 🌍 Europe | TOLYBOT | 0.00071946684 | 719,066 | 5095 | 87 | 15883.083165141 | 2/0
2026-05-25 10:00 | 🌍 Europe | Opossum | 0.000025245974 | 25,244 | 251 | 18 | 507.86790699 | 0/0
2026-05-25 10:00 | 🌍 Europe | Panda | 0.000040387692 | 40,375 | 398 | 28 | 861.93560732 | 0/0
2026-05-25 10:00 | 🌍 Europe | CupMarkets | 0 | 0 | 367 | 0 | 0 | 0/0
2026-05-25 16:00 | 🌎 US | MARKET | Vol=19075114.753321975 | Tokens=8156 | Traders=32169 | Fees=1013.155163254SOL
2026-05-25 16:00 | 🌎 US | REGIME | saturated | Vol/token=2339
2026-05-25 16:00 | 🌎 US | WURLDCAP | 0.0000068193543 | 6,764 | 464 | 13 | 0.855356 | 0/0
2026-05-25 16:00 | 🌎 US | TOLYBOT | 0.00090410142 | 903,597 | 5084 | 87 | 29782.33505075 | 2/1
2026-05-25 16:00 | 🌎 US | Opossum | 0.000027166161 | 27,164 | 237 | 18 | 45.87451294 | 0/0
2026-05-25 16:00 | 🌎 US | Panda | 0.000038381429 | 38,369 | 390 | 28 | 1191.15704566 | 0/0
2026-05-25 16:00 | 🌎 US | CupMarkets | 0 | 0 | 374 | 0 | 0 | 0/0
2026-05-26 02:00 | 🌏 Asia | MARKET | Vol=33878383.232386425 | Tokens=19618 | Traders=51532 | Fees=2707.05755575SOL
2026-05-26 02:00 | 🌏 Asia | REGIME | saturated | Vol/token=1727
2026-05-26 02:00 | 🌏 Asia | WURLDCAP | 0.0000064447178 | 6,392 | 456 | 13 | 226.096111797 | 0/0
2026-05-26 02:00 | 🌏 Asia | TOLYBOT | 0.00069642971 | 696,041 | 5461 | 87 | 20576.076778943 | 0/1
2026-05-26 02:00 | 🌏 Asia | Opossum | 0.000017654627 | 17,653 | 234 | 19 | 320.57220352 | 0/0
2026-05-26 02:00 | 🌏 Asia | Panda | 0.000040348728 | 40,336 | 373 | 28 | 0 | 0/0
2026-05-26 02:00 | 🌏 Asia | CupMarkets | 0.00011102893 | 111,029 | 508 | 1 | 3070.10540922 | 0/0
2026-05-26 10:00 | 🌍 Europe | MARKET | Vol=0 | Tokens=1755 | Traders=0 | Fees=0SOL
2026-05-26 10:00 | 🌍 Europe | WURLDCAP | 0.0000060778403 | 6,028 | 445 | 13 | 20.93291873 | 0/0
2026-05-26 10:00 | 🌍 Europe | TOLYBOT | 0.00098339251 | 982,843 | 5625 | 87 | 18001.66345148 | 1/7
2026-05-26 10:00 | 🌍 Europe | Opossum | 0.000013995968 | 13,995 | 227 | 19 | 299.84949098 | 0/0
2026-05-26 10:00 | 🌍 Europe | Panda | 0.000041222413 | 41,210 | 370 | 28 | 0.78070102 | 0/0
2026-05-26 10:00 | 🌍 Europe | CupMarkets | 0.000097437901 | 97,438 | 476 | 1 | 331.61815465 | 0/0
2026-05-26 16:00 | 🌎 US | MARKET | Vol=15567022.65346098 | Tokens=6864 | Traders=31864 | Fees=891.938070784SOL
2026-05-26 16:00 | 🌎 US | REGIME | saturated | Vol/token=2268
2026-05-26 16:00 | 🌎 US | WURLDCAP | 0.0000057887268 | 5,742 | 444 | 13 | 90.4908808 | 0/0
2026-05-26 16:00 | 🌎 US | TOLYBOT | 0.0008363995 | 835,933 | 5635 | 87 | 13037.54946563 | 2/3
2026-05-26 16:00 | 🌎 US | Opossum | 0.000013526308 | 13,525 | 227 | 19 | 344.68269665 | 0/0
2026-05-26 16:00 | 🌎 US | Panda | 0.000039877122 | 39,865 | 368 | 28 | 251.3103273 | 0/0
2026-05-26 16:00 | 🌎 US | CupMarkets | 0.00011273722 | 112,737 | 484 | 1 | 428.85673142 | 0/0
2026-05-27 02:00 | 🌏 Asia | MARKET | Vol=0 | Tokens=0 | Traders=0 | Fees=0SOL
2026-05-27 02:00 | 🌏 Asia | WURLDCAP | 0.0000050604381 | 5,019 | 435 | 13 | 27.13368873 | 0/0
2026-05-27 02:00 | 🌏 Asia | TOLYBOT | 0.00082031478 | 819,856 | 5614 | 89 | 29551.52342295 | 10/9
2026-05-27 02:00 | 🌏 Asia | Opossum | 0.000010922678 | 10,922 | 225 | 19 | 265.29215452 | 0/0
2026-05-27 02:00 | 🌏 Asia | Panda | 0.000041620428 | 41,607 | 364 | 28 | 265.80616908 | 0/0
2026-05-27 02:00 | 🌏 Asia | CupMarkets | 0.00010683346 | 106,833 | 473 | 1 | 1395.39586713 | 0/0
2026-05-27 14:04 | 🌍 Europe | MARKET | Vol=0 | Tokens=0 | Traders=0 | Fees=0SOL
2026-05-27 14:04 | 🌍 Europe | WURLDCAP | 0.0000047312317 | 4,693 | 425 | 13 | 0 | 0/0
2026-05-27 14:04 | 🌍 Europe | TOLYBOT | 0.00074787185 | 747,454 | 5552 | 91 | 26875.072451807 | 8/10
2026-05-27 14:04 | 🌍 Europe | Opossum | 0.0000093388968 | 9,338 | 207 | 20 | 0 | 0/0
2026-05-27 14:04 | 🌍 Europe | Panda | 0.000035540018 | 35,529 | 364 | 28 | 118.32933691 | 0/0
2026-05-27 14:04 | 🌍 Europe | CupMarkets | 0.00011982249 | 119,822 | 480 | 1 | 450.84597089 | 0/0
2026-05-27 16:00 | 🌎 US | MARKET | Vol=0 | Tokens=0 | Traders=0 | Fees=0SOL
2026-05-27 16:00 | 🌎 US | WURLDCAP | 0.0000046535462 | 4,616 | 423 | 13 | 46.67030463 | 0/0
2026-05-27 16:00 | 🌎 US | TOLYBOT | 0.00071404131 | 713,642 | 5515 | 91 | 18040.018921123 | 25/15
2026-05-27 16:00 | 🌎 US | Opossum | 0.0000086703886 | 8,670 | 207 | 20 | 176.31717499 | 0/0
2026-05-27 16:00 | 🌎 US | Panda | 0.000035050816 | 35,040 | 363 | 28 | 37.25517572 | 0/0
2026-05-27 16:00 | 🌎 US | CupMarkets | 0.00012178555 | 121,785 | 480 | 1 | 665.70464233 | 0/0
2026-05-28 02:00 | 🌏 Asia | MARKET | Vol=0 | Tokens=0 | Traders=0 | Fees=0SOL
2026-05-28 02:00 | 🌏 Asia | WURLDCAP | 0.0000047153358 | 4,677 | 419 | 13 | 0 | 0/0
2026-05-28 02:00 | 🌏 Asia | TOLYBOT | 0.0006428905 | 642,531 | 5478 | 91 | 7057.16215163 | 3/1
2026-05-28 02:00 | 🌏 Asia | Opossum | 0.0000085192623 | 8,518 | 197 | 20 | 195.10075454 | 2/0
2026-05-28 02:00 | 🌏 Asia | Panda | 0.00003732941 | 37,318 | 365 | 29 | 228.72325058 | 0/0
2026-05-28 02:00 | 🌏 Asia | CupMarkets | 0.00014015978 | 140,160 | 545 | 1 | 5058.97120503 | 0/0
2026-05-28 10:00 | 🌍 Europe | MARKET | Vol=0 | Tokens=0 | Traders=0 | Fees=0SOL
2026-05-28 10:00 | 🌍 Europe | WURLDCAP | 0.0000044342733 | 4,397 | 413 | 13 | 0 | 0/0
2026-05-28 10:00 | 🌍 Europe | TOLYBOT | 0.0006105509 | 610,199 | 5427 | 91 | 10487.16162012 | 0/1
2026-05-28 10:00 | 🌍 Europe | Opossum | 0.0000080814856 | 8,081 | 191 | 20 | 0.59767979 | 0/0
2026-05-28 10:00 | 🌍 Europe | Panda | 0.000033973633 | 33,963 | 362 | 29 | 0 | 0/0
2026-05-28 10:00 | 🌍 Europe | CupMarkets | 0.00015490825 | 154,908 | 579 | 1 | 796.55141179 | 0/0
2026-05-28 16:00 | 🌎 US | MARKET | Vol=0 | Tokens=0 | Traders=0 | Fees=0SOL
2026-05-28 16:00 | 🌎 US | WURLDCAP | 0.0000041414555 | 4,107 | 411 | 13 | 1.10968132 | 0/0
2026-05-28 16:00 | 🌎 US | TOLYBOT | 0.00057502695 | 574,695 | 5415 | 91 | 3968.35554435 | 0/0
2026-05-28 16:00 | 🌎 US | Opossum | 0.0000062409117 | 6,240 | 191 | 20 | 7.35913099 | 0/0
2026-05-28 16:00 | 🌎 US | Panda | 0.000032330943 | 32,321 | 361 | 29 | 0 | 0/0
2026-05-28 16:00 | 🌎 US | CupMarkets | 0.0001631532 | 163,153 | 583 | 1 | 1860.53926463 | 1/1
2026-05-29 02:00 | 🌏 Asia | MARKET | Vol=0 | Tokens=0 | Traders=0 | Fees=0SOL
2026-05-29 02:00 | 🌏 Asia | WURLDCAP | 0.0000042101512 | 4,175 | 405 | 13 | 16.34970553 | 0/0
2026-05-29 02:00 | 🌏 Asia | TOLYBOT | 0.00057084681 | 570,518 | 5362 | 91 | 3820.12074971 | 0/0
2026-05-29 02:00 | 🌏 Asia | Opossum | 0.000006053261 | 6,053 | 184 | 21 | 4.67572695 | 0/0
2026-05-29 02:00 | 🌏 Asia | Panda | 0.000068781324 | 68,760 | 378 | 29 | 272.15442568 | 0/0
2026-05-29 02:00 | 🌏 Asia | CupMarkets | 0.00015496567 | 154,966 | 579 | 1 | 137.22220549 | 0/0
2026-05-29 10:00 | 🌍 Europe | MARKET | Vol=0 | Tokens=0 | Traders=0 | Fees=0SOL
2026-05-29 10:00 | 🌍 Europe | WURLDCAP | 0.0000041294687 | 4,095 | 399 | 13 | 0 | 0/0
2026-05-29 10:00 | 🌍 Europe | TOLYBOT | 0.00034795657 | 347,754 | 5411 | 92 | 16714.18810196 | 0/2
2026-05-29 10:00 | 🌍 Europe | Opossum | 0.000006053261 | 6,053 | 184 | 21 | 0 | 0/0
2026-05-29 10:00 | 🌍 Europe | Panda | 0.000080117087 | 80,092 | 377 | 29 | 222.39389734 | 0/0
2026-05-29 10:00 | 🌍 Europe | CupMarkets | 0.00012949375 | 129,494 | 562 | 1 | 69.068693911 | 0/0
2026-05-29 16:00 | 🌎 US | MARKET | Vol=0 | Tokens=0 | Traders=0 | Fees=0SOL
2026-05-29 16:00 | 🌎 US | WURLDCAP | 0.0000040727832 | 4,039 | 398 | 13 | 0 | 0/0
2026-05-29 16:00 | 🌎 US | TOLYBOT | 0.00032664115 | 326,451 | 5344 | 92 | 5131.39019144 | 1/2
2026-05-29 16:00 | 🌎 US | Opossum | 0.0000061623909 | 6,162 | 183 | 21 | 13.052340797 | 0/0
2026-05-29 16:00 | 🌎 US | Panda | 0.000076933701 | 76,910 | 374 | 29 | 366.38111994 | 0/0
2026-05-29 16:00 | 🌎 US | CupMarkets | 0.00013233228 | 132,332 | 565 | 1 | 14.94007425 | 0/0
2026-05-30 02:00 | 🌏 Asia | MARKET | Vol=0 | Tokens=0 | Traders=0 | Fees=0SOL
2026-05-30 02:00 | 🌏 Asia | WURLDCAP | 0.000004074975 | 4,041 | 393 | 13 | 0 | 0/0
2026-05-30 02:00 | 🌏 Asia | TOLYBOT | 0.00027988756 | 279,724 | 5270 | 92 | 5282.42449626 | 1/0
2026-05-30 02:00 | 🌏 Asia | Opossum | 0.0000057289153 | 5,728 | 180 | 21 | 101.40809353 | 0/0
2026-05-30 02:00 | 🌏 Asia | Panda | 0.00011275541 | 112,720 | 424 | 29 | 7522.099042413 | 0/0
2026-05-30 02:00 | 🌏 Asia | CupMarkets | 0.00017128002 | 171,280 | 609 | 1 | 1648.69371886 | 0/0
2026-05-30 10:00 | 🌍 Europe | MARKET | Vol=0 | Tokens=0 | Traders=0 | Fees=0SOL
2026-05-30 10:00 | 🌍 Europe | WURLDCAP | 0.0000040942593 | 4,060 | 391 | 13 | 1.65897342 | 0/0
2026-05-30 10:00 | 🌍 Europe | TOLYBOT | 0.00028507786 | 284,912 | 5234 | 92 | 1546.325903 | 0/1
2026-05-30 10:00 | 🌍 Europe | Opossum | 0.0000056876413 | 5,687 | 179 | 21 | 0 | 0/0
2026-05-30 10:00 | 🌍 Europe | Panda | 0.00016988028 | 169,827 | 453 | 29 | 4389.81740678 | 1/0
2026-05-30 10:00 | 🌍 Europe | CupMarkets | 0.00016093134 | 160,931 | 619 | 1 | 1140.054673749 | 0/0
2026-05-30 16:00 | 🌎 US | MARKET | Vol=0 | Tokens=0 | Traders=0 | Fees=0SOL
2026-05-30 16:00 | 🌎 US | WURLDCAP | 0.0000040942593 | 4,060 | 391 | 13 | 0 | 0/0
2026-05-30 16:00 | 🌎 US | TOLYBOT | 0.00026255091 | 262,398 | 5245 | 92 | 4202.29642986 | 0/0
2026-05-30 16:00 | 🌎 US | Opossum | 0.0000056208791 | 5,620 | 178 | 21 | 1.085694472 | 0/0
2026-05-30 16:00 | 🌎 US | Panda | 0.00013678398 | 136,741 | 465 | 29 | 2425.36480992 | 0/0
2026-05-30 16:00 | 🌎 US | CupMarkets | 0.00017318079 | 173,181 | 632 | 1 | 164.42191632 | 0/0
2026-05-31 02:00 | 🌏 Asia | MARKET | Vol=0 | Tokens=0 | Traders=0 | Fees=0SOL
2026-05-31 02:00 | 🌏 Asia | WURLDCAP | 0.0000040797657 | 4,046 | 388 | 13 | 0 | 0/0
2026-05-31 02:00 | 🌏 Asia | TOLYBOT | 0.00026926397 | 269,107 | 5197 | 92 | 2142.46611455 | 0/0
2026-05-31 02:00 | 🌏 Asia | Opossum | 0.0000075536245 | 7,553 | 185 | 21 | 505.02590353 | 2/0
2026-05-31 02:00 | 🌏 Asia | Panda | 0.00013244781 | 132,407 | 460 | 29 | 605.68890906 | 0/0
2026-05-31 02:00 | 🌏 Asia | CupMarkets | 0.00018257655 | 182,576 | 724 | 1 | 7985.37983637 | 1/1
2026-05-31 10:00 | 🌍 Europe | MARKET | Vol=0 | Tokens=0 | Traders=0 | Fees=0SOL
2026-05-31 10:00 | 🌍 Europe | WURLDCAP | 0.0000041365407 | 4,102 | 388 | 13 | 0 | 0/0
2026-05-31 10:00 | 🌍 Europe | TOLYBOT | 0.0002670704 | 266,914 | 5195 | 92 | 1065.96933522 | 0/0
2026-05-31 10:00 | 🌍 Europe | Opossum | 0.0000068211229 | 6,820 | 184 | 21 | 0 | 0/0
2026-05-31 10:00 | 🌍 Europe | Panda | 0.00012027361 | 120,236 | 449 | 30 | 35.82808114 | 0/0
2026-05-31 10:00 | 🌍 Europe | CupMarkets | 0.0001904936 | 190,493 | 719 | 1 | 1582.34650914 | 0/1
2026-05-31 16:00 | 🌎 US | MARKET | Vol=0 | Tokens=0 | Traders=0 | Fees=0SOL
2026-05-31 16:00 | 🌎 US | WURLDCAP | 0.0000040938979 | 4,060 | 387 | 13 | 0 | 0/0
2026-05-31 16:00 | 🌎 US | TOLYBOT | 0.00032712796 | 326,936 | 5218 | 92 | 9504.41555049 | 1/0
2026-05-31 16:00 | 🌎 US | Opossum | 0.0000053835522 | 5,383 | 187 | 21 | 160.35293361 | 0/0
2026-05-31 16:00 | 🌎 US | Panda | 0.00013512649 | 135,084 | 439 | 30 | 34.47028284 | 0/0
2026-05-31 16:00 | 🌎 US | CupMarkets | 0.00016826197 | 168,261 | 713 | 1 | 1493.73706532 | 0/0
2026-06-01 02:00 | 🌏 Asia | MARKET | Vol=0 | Tokens=0 | Traders=0 | Fees=0SOL
2026-06-01 02:00 | 🌏 Asia | WURLDCAP | 0.0000040340558 | 4,000 | 387 | 13 | 0 | 0/0
2026-06-01 02:00 | 🌏 Asia | TOLYBOT | 0.00037655604 | 376,335 | 5200 | 92 | 8669.46113033 | 1/1
2026-06-01 02:00 | 🌏 Asia | Opossum | 0.0000045422461 | 4,542 | 175 | 21 | 132.70139552 | 0/0
2026-06-01 02:00 | 🌏 Asia | Panda | 0.00035840995 | 358,298 | 529 | 36 | 78533.079533866 | 0/0
2026-06-01 02:00 | 🌏 Asia | CupMarkets | 0.00017106131 | 171,061 | 705 | 1 | 931.86756916 | 0/0
2026-06-01 10:00 | 🌍 Europe | MARKET | Vol=0 | Tokens=0 | Traders=0 | Fees=0SOL
2026-06-01 10:00 | 🌍 Europe | WURLDCAP | 0.0000040531312 | 4,019 | 383 | 13 | 0 | 0/0
2026-06-01 10:00 | 🌍 Europe | TOLYBOT | 0.00034276704 | 342,566 | 5195 | 92 | 2769.37205504 | 0/1
2026-06-01 10:00 | 🌍 Europe | Opossum | 0.0000054931941 | 5,493 | 172 | 21 | 0 | 0/0
2026-06-01 10:00 | 🌍 Europe | Panda | 0.00020819948 | 208,135 | 600 | 38 | 1560.45487743 | 0/0
2026-06-01 10:00 | 🌍 Europe | CupMarkets | 0.00015489886 | 154,898 | 692 | 1 | 411.59270984 | 0/0
2026-06-01 16:00 | 🌎 US | MARKET | Vol=0 | Tokens=0 | Traders=0 | Fees=0SOL
2026-06-01 16:00 | 🌎 US | WURLDCAP | 0.0000040147504 | 3,981 | 382 | 13 | 0 | 0/0
2026-06-01 16:00 | 🌎 US | TOLYBOT | 0.00033318972 | 332,994 | 5161 | 92 | 6545.40721378 | 0/0
2026-06-01 16:00 | 🌎 US | Opossum | 0.0000047422303 | 4,741 | 171 | 21 | 6.82984808 | 0/0
2026-06-01 16:00 | 🌎 US | Panda | 0.00020048174 | 200,419 | 562 | 39 | 7441.050427471 | 0/2
2026-06-01 16:00 | 🌎 US | CupMarkets | 0.0001605657 | 160,565 | 687 | 1 | 46.45716191 | 0/0
2026-06-02 02:00 | 🌏 Asia | MARKET | Vol=0 | Tokens=0 | Traders=0 | Fees=0SOL
2026-06-02 02:00 | 🌏 Asia | WURLDCAP | 0.0000038975514 | 3,865 | 378 | 13 | 0 | 0/0
2026-06-02 02:00 | 🌏 Asia | TOLYBOT | 0.00038206872 | 381,844 | 5142 | 92 | 989.71740228 | 0/1
2026-06-02 02:00 | 🌏 Asia | Opossum | 0.0000043323393 | 4,331 | 168 | 21 | 0.10397614 | 0/0
2026-06-02 02:00 | 🌏 Asia | Panda | 0.00019319916 | 193,139 | 496 | 39 | 2537.27100078 | 0/0
2026-06-02 02:00 | 🌏 Asia | CupMarkets | 0.00014989264 | 149,892 | 677 | 1 | 289.35168849 | 0/0
2026-06-02 10:00 | 🌍 Europe | MARKET | Vol=0 | Tokens=0 | Traders=0 | Fees=0SOL
2026-06-02 10:00 | 🌍 Europe | WURLDCAP | 0.0000037844593 | 3,753 | 376 | 13 | 0 | 0/0
2026-06-02 10:00 | 🌍 Europe | TOLYBOT | 0.00033519451 | 334,998 | 5150 | 92 | 3351.17639711 | 0/0
2026-06-02 10:00 | 🌍 Europe | Opossum | 0.0000043398868 | 4,338 | 167 | 21 | 2.057419616 | 0/0
2026-06-02 10:00 | 🌍 Europe | Panda | 0.00013210628 | 132,064 | 526 | 39 | 700.21251141 | 0/0
2026-06-02 10:00 | 🌍 Europe | CupMarkets | 0.00018955229 | 189,552 | 702 | 1 | 2133.58140236 | 0/0
2026-06-02 16:00 | 🌎 US | MARKET | Vol=0 | Tokens=0 | Traders=0 | Fees=0SOL
2026-06-02 16:00 | 🌎 US | WURLDCAP | 0.0000037844593 | 3,753 | 376 | 13 | 0 | 0/0
2026-06-02 16:00 | 🌎 US | TOLYBOT | 0.00030325947 | 303,081 | 5181 | 93 | 2575.31336114 | 0/1
2026-06-02 16:00 | 🌎 US | Opossum | 0.0000042270189 | 4,226 | 166 | 21 | 28.98540984 | 0/0
2026-06-02 16:00 | 🌎 US | Panda | 0.00014348284 | 143,437 | 483 | 39 | 130.40892264 | 0/0
2026-06-02 16:00 | 🌎 US | CupMarkets | 0.00016173704 | 161,737 | 696 | 1 | 1609.063090679 | 1/1
2026-06-03 02:00 | 🌏 Asia | MARKET | Vol=0 | Tokens=0 | Traders=0 | Fees=0SOL
2026-06-03 02:00 | 🌏 Asia | WURLDCAP | 0.0000036174631 | 3,587 | 373 | 13 | 0 | 0/0
2026-06-03 02:00 | 🌏 Asia | TOLYBOT | 0.0002560027 | 255,852 | 5128 | 93 | 3022.30739965 | 0/0
2026-06-03 02:00 | 🌏 Asia | Opossum | 0.0000041235868 | 4,122 | 166 | 21 | 6.5152456 | 0/0
2026-06-03 02:00 | 🌏 Asia | Panda | 0.00013112253 | 131,081 | 475 | 39 | 50.85041593 | 0/0
2026-06-03 02:00 | 🌏 Asia | CupMarkets | 0.00020760693 | 207,606 | 697 | 1 | 1896.84626433 | 0/0
2026-06-03 10:00 | 🌍 Europe | MARKET | Vol=0 | Tokens=0 | Traders=0 | Fees=0SOL
2026-06-03 10:00 | 🌍 Europe | WURLDCAP | 0.0000034214294 | 3,393 | 372 | 13 | 0 | 0/0
2026-06-03 10:00 | 🌍 Europe | TOLYBOT | 0.00020688275 | 206,761 | 5072 | 96 | 7511.074115552 | 1/4
2026-06-03 10:00 | 🌍 Europe | Opossum | 0.0000075912283 | 7,589 | 202 | 22 | 181.95401553 | 0/0
2026-06-03 10:00 | 🌍 Europe | Panda | 0.00012755627 | 127,515 | 465 | 39 | 206.39352051 | 0/0
2026-06-03 10:00 | 🌍 Europe | CupMarkets | 0.00021149165 | 211,491 | 692 | 1 | 201.69165844 | 0/0
2026-06-03 16:00 | 🌎 US | MARKET | Vol=0 | Tokens=0 | Traders=0 | Fees=0SOL
2026-06-03 16:00 | 🌎 US | WURLDCAP | 0.0000034768328 | 3,448 | 371 | 13 | 0 | 0/0
2026-06-03 16:00 | 🌎 US | TOLYBOT | 0.00026329223 | 263,137 | 5066 | 96 | 1489.22203115 | 0/0
2026-06-03 16:00 | 🌎 US | Opossum | 0.0000077693264 | 7,767 | 214 | 22 | 91.18792318 | 0/0
2026-06-03 16:00 | 🌎 US | Panda | 0.00012476304 | 124,723 | 475 | 39 | 902.91233512 | 0/0
2026-06-03 16:00 | 🌎 US | CupMarkets | 0.00027260728 | 272,606 | 700 | 1 | 581.76731432 | 0/1
2026-06-04 02:00 | 🌏 Asia | MARKET | Vol=0 | Tokens=0 | Traders=0 | Fees=0SOL
2026-06-04 02:00 | 🌏 Asia | WURLDCAP | 0.0000039723976 | 3,939 | 370 | 13 | 0 | 0/0
2026-06-04 02:00 | 🌏 Asia | TOLYBOT | 0.00025426891 | 254,117 | 5053 | 96 | 2135.033560142 | 0/0
2026-06-04 02:00 | 🌏 Asia | Opossum | 0.0000093957596 | 9,393 | 215 | 22 | 367.68748246 | 0/0
2026-06-04 02:00 | 🌏 Asia | Panda | 0.00020128053 | 201,215 | 453 | 39 | 1186.27976243 | 0/0
2026-06-04 02:00 | 🌏 Asia | CupMarkets | 0.00033431112 | 334,310 | 746 | 1 | 2380.44973727 | 0/0
2026-06-04 10:00 | 🌍 Europe | MARKET | Vol=0 | Tokens=0 | Traders=0 | Fees=0SOL
2026-06-04 10:00 | 🌍 Europe | WURLDCAP | 0.0000043460327 | 4,310 | 373 | 13 | 153.78923959 | 0/0
2026-06-04 10:00 | 🌍 Europe | TOLYBOT | 0.0002083779 | 208,254 | 5111 | 97 | 14770.21789931 | 2/11
2026-06-04 10:00 | 🌍 Europe | Opossum | 0.0000096853256 | 9,682 | 206 | 22 | 381.28664522 | 0/0
2026-06-04 10:00 | 🌍 Europe | Panda | 0.00016931847 | 169,264 | 537 | 41 | 7701.60606039 | 0/0
2026-06-04 10:00 | 🌍 Europe | CupMarkets | 0.00031850499 | 318,504 | 753 | 1 | 2825.30201924 | 0/0
2026-06-04 16:00 | 🌎 US | MARKET | Vol=0 | Tokens=0 | Traders=0 | Fees=0SOL
2026-06-04 16:00 | 🌎 US | WURLDCAP | 0.0000043338198 | 4,297 | 371 | 13 | 0 | 0/0
2026-06-04 16:00 | 🌎 US | TOLYBOT | 0.00024487686 | 244,731 | 5019 | 97 | 2907.70456927 | 0/0
2026-06-04 16:00 | 🌎 US | Opossum | 0.000018408891 | 18,403 | 212 | 22 | 230.25866054 | 0/0
2026-06-04 16:00 | 🌎 US | Panda | 0.00014086526 | 140,820 | 507 | 41 | 3069.95782437 | 0/0
2026-06-04 16:00 | 🌎 US | CupMarkets | 0.00037033768 | 370,337 | 768 | 1 | 1579.10135974 | 0/0
2026-06-05 02:00 | 🌏 Asia | MARKET | Vol=0 | Tokens=0 | Traders=0 | Fees=0SOL
2026-06-05 02:00 | 🌏 Asia | WURLDCAP | 0.0000039924709 | 3,959 | 368 | 13 | 45.43739897 | 0/0
2026-06-05 02:00 | 🌏 Asia | TOLYBOT | 0.00023270699 | 232,568 | 5014 | 97 | 2849.35969963 | 0/0
2026-06-05 02:00 | 🌏 Asia | Opossum | 0.000015826458 | 15,821 | 223 | 22 | 254.69799012 | 0/0
2026-06-05 02:00 | 🌏 Asia | Panda | 0.000148926 | 148,878 | 480 | 42 | 2134.88270587 | 0/0
2026-06-05 02:00 | 🌏 Asia | CupMarkets | 0.00041239737 | 412,396 | 820 | 1 | 4156.88775878 | 0/0
2026-06-05 10:17 | 🌍 Europe | MARKET | Vol=0 | Tokens=0 | Traders=0 | Fees=0SOL
2026-06-05 10:17 | 🌍 Europe | WURLDCAP | 0.0000039440482 | 3,911 | 369 | 13 | 0 | 0/0
2026-06-05 10:17 | 🌍 Europe | TOLYBOT | 0.00021460288 | 214,475 | 5018 | 97 | 4960.64196707 | 1/0
2026-06-05 10:17 | 🌍 Europe | Opossum | 0.000009550291 | 9,547 | 200 | 22 | 490.8644763 | 0/0
2026-06-05 10:17 | 🌍 Europe | Panda | 0.00013945682 | 139,412 | 465 | 42 | 273.40370848 | 0/0
2026-06-05 10:17 | 🌍 Europe | CupMarkets | 0.00027702776 | 277,027 | 811 | 1 | 2791.85362787 | 4/0
2026-06-05 16:00 | 🌎 US | MARKET | Vol=0 | Tokens=0 | Traders=0 | Fees=0SOL
2026-06-05 16:00 | 🌎 US | WURLDCAP | 0.0000037279392 | 3,697 | 369 | 13 | 12.63737137 | 0/0
2026-06-05 16:00 | 🌎 US | TOLYBOT | 0.00019804513 | 197,927 | 5021 | 97 | 1965.50064224 | 0/0
2026-06-05 16:00 | 🌎 US | Opossum | 0.000010868686 | 10,865 | 198 | 22 | 862.53143098 | 0/0
2026-06-05 16:00 | 🌎 US | Panda | 0.00012983015 | 129,788 | 465 | 42 | 1356.73391249 | 0/0
2026-06-05 16:00 | 🌎 US | CupMarkets | 0.00034508703 | 345,086 | 821 | 1 | 2536.5191399 | 0/1
2026-06-06 02:00 | 🌏 Asia | MARKET | Vol=0 | Tokens=0 | Traders=0 | Fees=0SOL
2026-06-06 02:00 | 🌏 Asia | WURLDCAP | 0.0000037279392 | 3,697 | 369 | 13 | 0 | 0/0
2026-06-06 02:00 | 🌏 Asia | TOLYBOT | 0.00018073904 | 180,631 | 5015 | 97 | 1978.76677497 | 0/1
2026-06-06 02:00 | 🌏 Asia | Opossum | 0.00000791728 | 7,915 | 205 | 22 | 41.50701379 | 0/0
2026-06-06 02:00 | 🌏 Asia | Panda | 0.00014530046 | 145,253 | 453 | 42 | 218.37332265 | 0/0
2026-06-06 02:00 | 🌏 Asia | CupMarkets | 0.00031149438 | 311,493 | 824 | 1 | 2721.99678685 | 0/0
2026-06-06 10:00 | 🌍 Europe | MARKET | Vol=0 | Tokens=0 | Traders=0 | Fees=0SOL
2026-06-06 10:00 | 🌍 Europe | WURLDCAP | 0.0000037364885 | 3,705 | 369 | 13 | 63.15159134 | 0/0
2026-06-06 10:00 | 🌍 Europe | TOLYBOT | 0.00016305861 | 162,961 | 4970 | 97 | 1997.65471381 | 0/0
2026-06-06 10:00 | 🌍 Europe | Opossum | 0.0000058010813 | 5,799 | 186 | 22 | 157.97370042 | 0/0
2026-06-06 10:00 | 🌍 Europe | Panda | 0.00014577889 | 145,732 | 447 | 42 | 31.91243691 | 0/0
2026-06-06 10:00 | 🌍 Europe | CupMarkets | 0.00030467693 | 304,676 | 809 | 1 | 970.83369495 | 0/0
2026-06-06 16:00 | 🌎 US | MARKET | Vol=0 | Tokens=0 | Traders=0 | Fees=0SOL
2026-06-06 16:00 | 🌎 US | WURLDCAP | 0.0000039448664 | 3,912 | 373 | 13 | 0.33086967 | 0/0
2026-06-06 16:00 | 🌎 US | TOLYBOT | 0.00018213827 | 182,030 | 4972 | 97 | 962.43030706 | 0/0
2026-06-06 16:00 | 🌎 US | Opossum | 0.0000078934257 | 7,891 | 190 | 22 | 0 | 0/0
2026-06-06 16:00 | 🌎 US | Panda | 0.00012685214 | 126,811 | 447 | 42 | 39.98010783 | 1/0
2026-06-06 16:00 | 🌎 US | CupMarkets | 0.00028560008 | 285,599 | 803 | 1 | 1713.024664894 | 0/0
2026-06-07 02:00 | 🌏 Asia | MARKET | Vol=0 | Tokens=0 | Traders=0 | Fees=0SOL
2026-06-07 02:00 | 🌏 Asia | WURLDCAP | 0.0000039994038 | 3,966 | 374 | 13 | 11.27866693 | 0/0
2026-06-07 02:00 | 🌏 Asia | TOLYBOT | 0.00015787906 | 157,785 | 4959 | 97 | 1610.030851838 | 0/0
2026-06-07 02:00 | 🌏 Asia | Opossum | 0.0000064096953 | 6,408 | 192 | 22 | 405.41689895 | 0/0
2026-06-07 02:00 | 🌏 Asia | Panda | 0.00012237155 | 122,332 | 444 | 42 | 458.64707053 | 0/1
2026-06-07 02:00 | 🌏 Asia | CupMarkets | 0.00035983535 | 359,833 | 2334 | 1 | 3932.53185328 | 0/0
2026-06-07 10:00 | 🌍 Europe | MARKET | Vol=0 | Tokens=2032 | Traders=0 | Fees=0SOL
2026-06-07 10:00 | 🌍 Europe | WURLDCAP | 0.0000037158542 | 3,685 | 372 | 13 | 0 | 0/0
2026-06-07 10:00 | 🌍 Europe | TOLYBOT | 0.0001341014 | 134,021 | 4975 | 97 | 2946.43514911 | 0/1
2026-06-07 10:00 | 🌍 Europe | Opossum | 0.0000084950051 | 8,492 | 192 | 22 | 427.20510875 | 0/0
2026-06-07 10:00 | 🌍 Europe | Panda | 0.00013988782 | 139,843 | 439 | 42 | 0 | 0/0
2026-06-07 10:00 | 🌍 Europe | CupMarkets | 0.00033918274 | 339,179 | 2315 | 1 | 876.16860428 | 0/0
2026-06-07 16:00 | 🌎 US | MARKET | Vol=9990737.683075145 | Tokens=7623 | Traders=24372 | Fees=634.566206067SOL
2026-06-07 16:00 | 🌎 US | REGIME | saturated | Vol/token=1311
2026-06-07 16:00 | 🌎 US | WURLDCAP | 0.0000038398012 | 3,808 | 371 | 13 | 0 | 0/0
2026-06-07 16:00 | 🌎 US | TOLYBOT | 0.00013547862 | 135,398 | 4964 | 97 | 2178.43772701 | 6/2
2026-06-07 16:00 | 🌎 US | Opossum | 0.0000075273596 | 7,525 | 198 | 22 | 164.92613218 | 0/0
2026-06-07 16:00 | 🌎 US | Panda | 0.00015045203 | 150,403 | 440 | 42 | 0 | 0/0
2026-06-07 16:00 | 🌎 US | CupMarkets | 0.00037074027 | 370,737 | 2300 | 1 | 1149.85860146 | 1/0
2026-06-08 02:00 | 🌏 Asia | MARKET | Vol=20992917.60144089 | Tokens=18390 | Traders=41512 | Fees=1958.454589254SOL
2026-06-08 02:00 | 🌏 Asia | REGIME | saturated | Vol/token=1142
2026-06-08 02:00 | 🌏 Asia | WURLDCAP | 0.0000036647706 | 3,634 | 372 | 13 | 0 | 0/0
2026-06-08 02:00 | 🌏 Asia | TOLYBOT | 0.00015242546 | 152,334 | 4943 | 97 | 723.8805859 | 0/0
2026-06-08 02:00 | 🌏 Asia | Opossum | 0.0000066842457 | 6,682 | 197 | 22 | 71.83384789 | 0/0
2026-06-08 02:00 | 🌏 Asia | Panda | 0.00017819621 | 178,139 | 452 | 42 | 355.96967954 | 0/1
2026-06-08 02:00 | 🌏 Asia | CupMarkets | 0.00039234813 | 392,343 | 2317 | 1 | 940.13624399 | 0/0
2026-06-08 10:00 | 🌍 Europe | MARKET | Vol=0 | Tokens=2470 | Traders=0 | Fees=0SOL
2026-06-08 10:00 | 🌍 Europe | WURLDCAP | 0.000004348034 | 4,311 | 372 | 13 | 0 | 0/0
2026-06-08 10:00 | 🌍 Europe | TOLYBOT | 0.00014097943 | 140,895 | 4938 | 97 | 107.90155149 | 0/0
2026-06-08 10:00 | 🌍 Europe | Opossum | 0.0000048004001 | 4,799 | 192 | 22 | 94.2124628 | 0/0
2026-06-08 10:00 | 🌍 Europe | Panda | 0.00016327379 | 163,221 | 455 | 42 | 224.4976592 | 0/0
2026-06-08 10:00 | 🌍 Europe | CupMarkets | 0.00038204923 | 382,036 | 3396 | 1 | 1917.049406098 | 0/0
2026-06-08 16:00 | 🌎 US | MARKET | Vol=13041081.62023742 | Tokens=8284 | Traders=28101 | Fees=878.070632641SOL
2026-06-08 16:00 | 🌎 US | REGIME | saturated | Vol/token=1574
2026-06-08 16:00 | 🌎 US | WURLDCAP | 0.0000042126026 | 4,177 | 371 | 13 | 0 | 0/0
2026-06-08 16:00 | 🌎 US | TOLYBOT | 0.00014697418 | 146,886 | 4951 | 97 | 892.69927543 | 0/0
2026-06-08 16:00 | 🌎 US | Opossum | 0.0000048065285 | 4,805 | 193 | 22 | 105.082151114 | 0/0
2026-06-08 16:00 | 🌎 US | Panda | 0.00014973561 | 149,687 | 455 | 42 | 412.24827357 | 0/0
2026-06-08 16:00 | 🌎 US | CupMarkets | 0.00043377511 | 433,756 | 3366 | 1 | 3076.90439557 | 0/0
2026-06-09 02:00 | 🌏 Asia | MARKET | Vol=0 | Tokens=0 | Traders=0 | Fees=0SOL
2026-06-09 02:00 | 🌏 Asia | WURLDCAP | 0.0000062778712 | 6,225 | 387 | 13 | 196.85633067 | 0/0
2026-06-09 02:00 | 🌏 Asia | TOLYBOT | 0.00018377163 | 183,662 | 4945 | 97 | 9850.9510374 | 0/0
2026-06-09 02:00 | 🌏 Asia | Opossum | 0.0000047823949 | 4,781 | 187 | 22 | 14.48310042 | 0/0
2026-06-09 02:00 | 🌏 Asia | Panda | 0.00016837493 | 168,321 | 450 | 42 | 203.80122432 | 0/0
2026-06-09 02:00 | 🌏 Asia | CupMarkets | 0.00049878893 | 498,761 | 3377 | 1 | 1788.8507107 | 0/0
2026-06-09 10:00 | 🌍 Europe | MARKET | Vol=0 | Tokens=0 | Traders=0 | Fees=0SOL
2026-06-09 10:00 | 🌍 Europe | WURLDCAP | 0.0000059327674 | 5,883 | 379 | 13 | 44.59202718 | 0/0
2026-06-09 10:00 | 🌍 Europe | TOLYBOT | 0.00019297001 | 192,855 | 4924 | 97 | 300.46529326 | 0/0
2026-06-09 10:00 | 🌍 Europe | Opossum | 0.0000040332475 | 4,032 | 183 | 22 | 4.84989818 | 0/0
2026-06-09 10:00 | 🌍 Europe | Panda | 0.00016918888 | 169,134 | 468 | 42 | 140.39572856 | 0/1
2026-06-09 10:00 | 🌍 Europe | CupMarkets | 0.00060613686 | 606,098 | 3368 | 1 | 2007.1157764 | 0/0
2026-06-09 16:00 | 🌎 US | MARKET | Vol=0 | Tokens=0 | Traders=0 | Fees=0SOL
2026-06-09 16:00 | 🌎 US | WURLDCAP | 0.0000058045509 | 5,756 | 384 | 13 | 74.048149341 | 0/0
2026-06-09 16:00 | 🌎 US | TOLYBOT | 0.00018695468 | 186,843 | 4931 | 97 | 702.60435015 | 0/0
2026-06-09 16:00 | 🌎 US | Opossum | 0.0000046119051 | 4,610 | 191 | 22 | 143.83228436 | 0/0
2026-06-09 16:00 | 🌎 US | Panda | 0.00017736981 | 177,312 | 463 | 42 | 522.36778338 | 0/0
2026-06-09 16:00 | 🌎 US | CupMarkets | 0.0006237164 | 623,675 | 3379 | 1 | 2978.52802285 | 0/0
2026-06-10 02:00 | 🌏 Asia | MARKET | Vol=0 | Tokens=0 | Traders=0 | Fees=0SOL
2026-06-10 02:00 | 🌏 Asia | WURLDCAP | 0.0000043336889 | 4,297 | 370 | 13 | 22.64459542 | 0/0
2026-06-10 02:00 | 🌏 Asia | TOLYBOT | 0.0001621379 | 162,041 | 4939 | 97 | 3171.47125002 | 0/0
2026-06-10 02:00 | 🌏 Asia | Opossum | 0.0000045147635 | 4,513 | 188 | 22 | 28.10777155 | 1/0
2026-06-10 02:00 | 🌏 Asia | Panda | 0.00016027327 | 160,221 | 450 | 42 | 760.25977719 | 0/0
2026-06-10 02:00 | 🌏 Asia | CupMarkets | 0.00059251256 | 592,471 | 3824 | 1 | 12054.18053289 | 0/0
2026-06-10 10:00 | 🌍 Europe | MARKET | Vol=0 | Tokens=0 | Traders=0 | Fees=0SOL
2026-06-10 10:00 | 🌍 Europe | WURLDCAP | 0.0000040529466 | 4,019 | 364 | 13 | 0 | 0/0
2026-06-10 10:00 | 🌍 Europe | TOLYBOT | 0.00016915319 | 169,052 | 4921 | 97 | 350.52026148 | 0/0
2026-06-10 10:00 | 🌍 Europe | Opossum | 0.0000063424832 | 6,340 | 201 | 22 | 175.32309905 | 0/0
2026-06-10 10:00 | 🌍 Europe | Panda | 0.00017711269 | 177,055 | 452 | 42 | 3.76417443 | 0/0
2026-06-10 10:00 | 🌍 Europe | CupMarkets | 0.00053799834 | 537,957 | 4379 | 1 | 371.75713098 | 0/0
2026-06-10 16:00 | 🌎 US | MARKET | Vol=0 | Tokens=0 | Traders=0 | Fees=0SOL
2026-06-10 16:00 | 🌎 US | WURLDCAP | 0.0000046072488 | 4,568 | 364 | 13 | 169.45607103 | 0/0
2026-06-10 16:00 | 🌎 US | TOLYBOT | 0.00013677081 | 136,689 | 4987 | 98 | 1460.99751628 | 0/0
2026-06-10 16:00 | 🌎 US | Opossum | 0.0000061795704 | 6,178 | 206 | 22 | 141.97179857 | 0/0
2026-06-10 16:00 | 🌎 US | Panda | 0.00015966911 | 159,617 | 452 | 42 | 446.95594334 | 0/0
2026-06-10 16:00 | 🌎 US | CupMarkets | 0.00053221645 | 532,175 | 4350 | 1 | 6695.88917484 | 1/2
2026-06-11 02:00 | 🌏 Asia | MARKET | Vol=0 | Tokens=0 | Traders=0 | Fees=0SOL
2026-06-11 02:00 | 🌏 Asia | WURLDCAP | 0.0000051240681 | 5,081 | 370 | 13 | 362.9759953 | 0/0
2026-06-11 02:00 | 🌏 Asia | TOLYBOT | 0.0001309617 | 130,883 | 4928 | 98 | 175.20218189 | 1/0
2026-06-11 02:00 | 🌏 Asia | Opossum | 0.0000055963866 | 5,595 | 197 | 22 | 177.15766833 | 0/0
2026-06-11 02:00 | 🌏 Asia | Panda | 0.0001546633 | 154,613 | 456 | 42 | 602.25635319 | 0/0
2026-06-11 02:00 | 🌏 Asia | CupMarkets | 0.00059795985 | 597,912 | 4388 | 1 | 3749.4297236 | 2/5
2026-06-11 10:00 | 🌍 Europe | MARKET | Vol=0 | Tokens=0 | Traders=0 | Fees=0SOL
2026-06-11 10:00 | 🌍 Europe | WURLDCAP | 0.0000043051605 | 4,269 | 366 | 13 | 0 | 0/0
2026-06-11 10:00 | 🌍 Europe | TOLYBOT | 0.00014284569 | 142,760 | 4906 | 98 | 1091.1216389 | 0/0
2026-06-11 10:00 | 🌍 Europe | Opossum | 0.0000053912809 | 5,390 | 193 | 22 | 88.60392869 | 0/0
2026-06-11 10:00 | 🌍 Europe | Panda | 0.00015728919 | 157,238 | 451 | 42 | 113.89530816 | 0/0
2026-06-11 10:00 | 🌍 Europe | CupMarkets | 0.00064703032 | 646,977 | 4398 | 1 | 1098.44028124 | 0/0
2026-06-11 16:00 | 🌎 US | MARKET | Vol=0 | Tokens=0 | Traders=0 | Fees=0SOL
2026-06-11 16:00 | 🌎 US | WURLDCAP | 0.0000041560942 | 4,121 | 363 | 13 | 89.61205533 | 0/0
2026-06-11 16:00 | 🌎 US | TOLYBOT | 0.00014105469 | 140,970 | 4934 | 98 | 3884.15231406 | 0/0
2026-06-11 16:00 | 🌎 US | Opossum | 0.0000055424559 | 5,541 | 191 | 22 | 82.69924369 | 0/0
2026-06-11 16:00 | 🌎 US | Panda | 0.00016178389 | 161,732 | 451 | 42 | 0 | 0/0
2026-06-11 16:00 | 🌎 US | CupMarkets | 0.00063750155 | 637,447 | 4389 | 1 | 1062.35546319 | 1/0
2026-06-12 02:00 | 🌏 Asia | MARKET | Vol=0 | Tokens=0 | Traders=0 | Fees=0SOL
2026-06-12 02:00 | 🌏 Asia | WURLDCAP | 0.0000049508975 | 4,909 | 363 | 14 | 186.98153354 | 0/0
2026-06-12 02:00 | 🌏 Asia | TOLYBOT | 0.00015701781 | 156,924 | 4893 | 98 | 1574.60241093 | 0/0
2026-06-12 02:00 | 🌏 Asia | Opossum | 0.000032624366 | 32,614 | 282 | 25 | 1056.26787974 | 0/0
2026-06-12 02:00 | 🌏 Asia | Panda | 0.00014257719 | 142,531 | 451 | 42 | 410.68073138 | 0/0
2026-06-12 02:00 | 🌏 Asia | CupMarkets | 0.00094968389 | 949,600 | 4551 | 1 | 35031.16266789 | 2/2
2026-06-12 10:00 | 🌍 Europe | MARKET | Vol=0 | Tokens=0 | Traders=0 | Fees=0SOL
2026-06-12 10:00 | 🌍 Europe | WURLDCAP | 0.0000042670346 | 4,231 | 362 | 14 | 9.019051104 | 0/0
2026-06-12 10:00 | 🌍 Europe | TOLYBOT | 0.00014937157 | 149,282 | 4880 | 98 | 55.22997552 | 0/0
2026-06-12 10:00 | 🌍 Europe | Opossum | 0.000058749074 | 58,730 | 282 | 25 | 3381.74577949 | 4/1
2026-06-12 10:00 | 🌍 Europe | Panda | 0.00012935401 | 129,312 | 451 | 42 | 269.40422918 | 0/0
2026-06-12 10:00 | 🌍 Europe | CupMarkets | 0.00057348958 | 573,437 | 5427 | 1 | 12686.0072787669 | 0/0
2026-06-12 16:00 | 🌎 US | MARKET | Vol=0 | Tokens=0 | Traders=0 | Fees=0SOL
2026-06-12 16:00 | 🌎 US | WURLDCAP | 0.0000034734658 | 3,444 | 355 | 14 | 0.56277608 | 0/0
2026-06-12 16:00 | 🌎 US | TOLYBOT | 0.0001421372 | 142,052 | 4873 | 98 | 90.86616605 | 0/0
2026-06-12 16:00 | 🌎 US | Opossum | 0.000055311243 | 55,293 | 331 | 25 | 1648.65039726 | 0/0
2026-06-12 16:00 | 🌎 US | Panda | 0.00012473301 | 124,693 | 443 | 42 | 79.087982656 | 0/0
2026-06-12 16:00 | 🌎 US | CupMarkets | 0.00070826348 | 708,196 | 5299 | 2 | 5077.62666104 | 1/0
2026-06-13 02:00 | 🌏 Asia | MARKET | Vol=0 | Tokens=0 | Traders=0 | Fees=0SOL
2026-06-13 02:00 | 🌏 Asia | WURLDCAP | 0.0000032869234 | 3,259 | 351 | 14 | 41.72317667 | 0/0
2026-06-13 02:00 | 🌏 Asia | TOLYBOT | 0.00015517476 | 155,082 | 4873 | 98 | 3464.15779705 | 0/0
2026-06-13 02:00 | 🌏 Asia | Opossum | 0.00003803827 | 38,026 | 304 | 26 | 4734.28266514 | 0/0
2026-06-13 02:00 | 🌏 Asia | Panda | 0.00013600033 | 135,956 | 441 | 42 | 109.86184887 | 0/0
2026-06-13 02:00 | 🌏 Asia | CupMarkets | 0.00062998783 | 629,923 | 5288 | 3 | 3448.38827132 | 0/0
2026-06-13 10:00 | 🌍 Europe | MARKET | Vol=0 | Tokens=0 | Traders=0 | Fees=0SOL
2026-06-13 10:00 | 🌍 Europe | WURLDCAP | 0.0000031657155 | 3,139 | 349 | 14 | 0 | 0/0
2026-06-13 10:00 | 🌍 Europe | TOLYBOT | 0.00013400076 | 133,921 | 4858 | 98 | 179.023744904 | 0/0
2026-06-13 10:00 | 🌍 Europe | Opossum | 0.00003774356 | 37,731 | 294 | 27 | 313.040742583 | 0/0
2026-06-13 10:00 | 🌍 Europe | Panda | 0.00013757755 | 137,533 | 443 | 42 | 6.87887789 | 0/0
2026-06-13 10:00 | 🌍 Europe | CupMarkets | 0.00028262041 | 282,589 | 6535 | 3 | 4007.37494027 | 1/1
2026-06-13 16:00 | 🌎 US | MARKET | Vol=0 | Tokens=0 | Traders=0 | Fees=0SOL
2026-06-13 16:00 | 🌎 US | WURLDCAP | 0.0000031657155 | 3,139 | 349 | 14 | 0 | 0/0
2026-06-13 16:00 | 🌎 US | TOLYBOT | 0.00012774458 | 127,668 | 4852 | 98 | 0 | 0/0
2026-06-13 16:00 | 🌎 US | Opossum | 0.000032035843 | 32,025 | 301 | 27 | 139.33001115 | 0/0
2026-06-13 16:00 | 🌎 US | Panda | 0.00014426362 | 144,217 | 444 | 42 | 67.88393958 | 0/0
2026-06-13 16:00 | 🌎 US | CupMarkets | 0.00035256173 | 352,518 | 6433 | 3 | 2332.67545752 | 4/0
2026-06-14 02:00 | 🌏 Asia | MARKET | Vol=0 | Tokens=0 | Traders=0 | Fees=0SOL
2026-06-14 02:00 | 🌏 Asia | WURLDCAP | 0.0000031008995 | 3,075 | 346 | 14 | 0 | 0/0
2026-06-14 02:00 | 🌏 Asia | TOLYBOT | 0.00013062003 | 130,542 | 4858 | 98 | 2844.32670119 | 0/0
2026-06-14 02:00 | 🌏 Asia | Opossum | 0.000025638208 | 25,630 | 286 | 27 | 2068.52340588 | 0/0
2026-06-14 02:00 | 🌏 Asia | Panda | 0.00013940529 | 139,360 | 442 | 42 | 0 | 0/0
2026-06-14 02:00 | 🌏 Asia | CupMarkets | 0.00037703826 | 376,983 | 6325 | 3 | 2472.27237903 | 0/0
2026-06-14 10:00 | 🌍 Europe | MARKET | Vol=0 | Tokens=0 | Traders=0 | Fees=0SOL
2026-06-14 10:00 | 🌍 Europe | WURLDCAP | 0.0000029682742 | 2,943 | 344 | 14 | 0 | 0/0
2026-06-14 10:00 | 🌍 Europe | TOLYBOT | 0.00013100551 | 130,927 | 4858 | 98 | 15.79255237 | 0/0
2026-06-14 10:00 | 🌍 Europe | Opossum | 0.000026779619 | 26,771 | 260 | 27 | 998.16199666 | 0/0
2026-06-14 10:00 | 🌍 Europe | Panda | 0.00014769042 | 147,643 | 441 | 42 | 1452.75926636 | 0/0
2026-06-14 10:00 | 🌍 Europe | CupMarkets | 0.000355663 | 355,606 | 6673 | 3 | 2486.67713874 | 0/0
2026-06-14 16:00 | 🌎 US | MARKET | Vol=0 | Tokens=0 | Traders=0 | Fees=0SOL
2026-06-14 16:00 | 🌎 US | WURLDCAP | 0.0000029682742 | 2,943 | 344 | 14 | 0 | 0/0
2026-06-14 16:00 | 🌎 US | TOLYBOT | 0.00013228456 | 132,205 | 4848 | 98 | 404.21321592 | 0/0
2026-06-14 16:00 | 🌎 US | Opossum | 0.000025197036 | 25,189 | 256 | 27 | 31.19962185 | 0/0
2026-06-14 16:00 | 🌎 US | Panda | 0.00013425436 | 134,211 | 449 | 42 | 624.00041707418 | 0/0
2026-06-14 16:00 | 🌎 US | CupMarkets | 0.00046599804 | 465,921 | 6641 | 3 | 1077.96246852 | 0/0
2026-06-15 02:00 | 🌏 Asia | MARKET | Vol=0 | Tokens=0 | Traders=0 | Fees=0SOL
2026-06-15 02:00 | 🌏 Asia | WURLDCAP | 0.0000027815638 | 2,758 | 343 | 14 | 0 | 0/0
2026-06-15 02:00 | 🌏 Asia | TOLYBOT | 0.00014570957 | 145,622 | 4845 | 98 | 425.76112032 | 0/0
2026-06-15 02:00 | 🌏 Asia | Opossum | 0.00002015895 | 20,152 | 243 | 27 | 224.061790406 | 0/0
2026-06-15 02:00 | 🌏 Asia | Panda | 0.00012106538 | 121,026 | 444 | 42 | 9.63296034 | 0/0
2026-06-15 02:00 | 🌏 Asia | CupMarkets | 0.00037754146 | 377,475 | 6596 | 3 | 9633.63565156 | 0/0
2026-06-15 10:00 | 🌍 Europe | MARKET | Vol=0 | Tokens=0 | Traders=0 | Fees=0SOL
2026-06-15 10:00 | 🌍 Europe | WURLDCAP | 0.0000029307397 | 2,906 | 340 | 14 | 0 | 0/0
2026-06-15 10:00 | 🌍 Europe | TOLYBOT | 0.00014817069 | 148,082 | 4846 | 98 | 37.27611038 | 0/0
2026-06-15 10:00 | 🌍 Europe | Opossum | 0.000021978708 | 21,972 | 250 | 27 | 298.58387631 | 0/0
2026-06-15 10:00 | 🌍 Europe | Panda | 0.00013019921 | 130,157 | 442 | 42 | 0 | 0/0
2026-06-15 10:00 | 🌍 Europe | CupMarkets | 0.00034787251 | 347,808 | 6540 | 3 | 108.78353628 | 0/1
2026-06-15 16:00 | 🌎 US | MARKET | Vol=0 | Tokens=0 | Traders=0 | Fees=0SOL
2026-06-15 16:00 | 🌎 US | WURLDCAP | 0.0000029171731 | 2,892 | 339 | 14 | 0 | 0/0
2026-06-15 16:00 | 🌎 US | TOLYBOT | 0.00015108028 | 150,990 | 4841 | 98 | 0.98244527 | 0/0
2026-06-15 16:00 | 🌎 US | Opossum | 0.000017508866 | 17,503 | 262 | 27 | 942.78731884 | 0/0
2026-06-15 16:00 | 🌎 US | Panda | 0.00014214927 | 142,103 | 436 | 42 | 153.61948292 | 0/0
2026-06-15 16:00 | 🌎 US | CupMarkets | 0.00037295179 | 372,881 | 6514 | 3 | 2048.99939039 | 0/0
2026-06-16 02:00 | 🌏 Asia | MARKET | Vol=0 | Tokens=0 | Traders=0 | Fees=0SOL
2026-06-16 02:00 | 🌏 Asia | WURLDCAP | 0.0000031490544 | 3,122 | 336 | 14 | 0 | 0/0
2026-06-16 02:00 | 🌏 Asia | TOLYBOT | 0.00014031198 | 140,228 | 4833 | 98 | 1681.38671296 | 0/0
2026-06-16 02:00 | 🌏 Asia | Opossum | 0.000020004574 | 19,998 | 241 | 27 | 417.95682021 | 0/0
2026-06-16 02:00 | 🌏 Asia | Panda | 0.0001539152 | 153,865 | 435 | 42 | 326.32578995 | 0/0
2026-06-16 02:00 | 🌏 Asia | CupMarkets | 0.00034702237 | 346,952 | 6467 | 3 | 1126.5146472 | 0/0
2026-06-16 10:00 | 🌍 Europe | MARKET | Vol=0 | Tokens=0 | Traders=0 | Fees=0SOL
2026-06-16 10:00 | 🌍 Europe | WURLDCAP | 0.0000026617099 | 2,639 | 331 | 14 | 0 | 0/0
2026-06-16 10:00 | 🌍 Europe | TOLYBOT | 0.00011971736 | 119,646 | 4869 | 98 | 2556.88878261 | 0/0
2026-06-16 10:00 | 🌍 Europe | Opossum | 0.000017528035 | 17,522 | 270 | 27 | 1951.19086258 | 0/0
2026-06-16 10:00 | 🌍 Europe | Panda | 0.00014549811 | 145,451 | 436 | 42 | 30.5281858 | 0/0
2026-06-16 10:00 | 🌍 Europe | CupMarkets | 0.00032201636 | 321,941 | 6424 | 3 | 718.16989887 | 0/0
2026-06-16 16:00 | 🌎 US | MARKET | Vol=0 | Tokens=0 | Traders=0 | Fees=0SOL
2026-06-16 16:00 | 🌎 US | WURLDCAP | 0.0000024902245 | 2,469 | 330 | 14 | 0 | 0/0
2026-06-16 16:00 | 🌎 US | TOLYBOT | 0.00012145505 | 121,382 | 4836 | 98 | 2164.49707008 | 0/0
2026-06-16 16:00 | 🌎 US | Opossum | 0.000017678816 | 17,673 | 253 | 27 | 28.59752762 | 0/0
2026-06-16 16:00 | 🌎 US | Panda | 0.00015341128 | 153,362 | 438 | 42 | 468.0081963663 | 0/0
2026-06-16 16:00 | 🌎 US | CupMarkets | 0.00022351195 | 223,459 | 6412 | 3 | 6237.39620175 | 1/0
2026-06-17 02:00 | 🌏 Asia | MARKET | Vol=0 | Tokens=0 | Traders=0 | Fees=0SOL
2026-06-17 02:00 | 🌏 Asia | WURLDCAP | 0.0000024914048 | 2,470 | 330 | 14 | 5.51099284 | 0/0
2026-06-17 02:00 | 🌏 Asia | TOLYBOT | 0.00010947851 | 109,413 | 4824 | 98 | 365.82725363 | 0/0
2026-06-17 02:00 | 🌏 Asia | Opossum | 0.000017856577 | 17,851 | 244 | 27 | 138.57427384 | 0/0
2026-06-17 02:00 | 🌏 Asia | Panda | 0.00014919744 | 149,149 | 435 | 43 | 0 | 0/0
2026-06-17 02:00 | 🌏 Asia | CupMarkets | 0.00019702135 | 196,974 | 6315 | 3 | 1000.84253217 | 0/0
2026-06-17 10:00 | 🌍 Europe | MARKET | Vol=0 | Tokens=0 | Traders=0 | Fees=0SOL
2026-06-17 10:00 | 🌍 Europe | WURLDCAP | 0.0000024075849 | 2,387 | 329 | 14 | 0 | 0/0
2026-06-17 10:00 | 🌍 Europe | TOLYBOT | 0.00011852947 | 118,458 | 4806 | 99 | 730.59090306 | 0/0
2026-06-17 10:00 | 🌍 Europe | Opossum | 0.000021430713 | 21,424 | 245 | 27 | 238.46754048 | 0/0
2026-06-17 10:00 | 🌍 Europe | Panda | 0.00014899821 | 148,950 | 433 | 43 | 7.61450978 | 0/0
2026-06-17 10:00 | 🌍 Europe | CupMarkets | 0.00015308753 | 153,049 | 6273 | 3 | 202.16346404 | 0/0
2026-06-17 16:00 | 🌎 US | MARKET | Vol=0 | Tokens=0 | Traders=0 | Fees=0SOL
2026-06-17 16:00 | 🌎 US | WURLDCAP | N/A | N/A | N/A | N/A | 0 | 0/0
2026-06-17 16:00 | 🌎 US | TOLYBOT | 0.00010570115 | 105,638 | 4793 | 99 | 711.072847303 | 0/1
2026-06-17 16:00 | 🌎 US | Opossum | 0.000023231815 | 23,224 | 241 | 27 | 217.39861893 | 0/0
2026-06-17 16:00 | 🌎 US | Panda | 0.00015205969 | 152,011 | 432 | 43 | 0 | 0/0
2026-06-17 16:00 | 🌎 US | CupMarkets | 0.00014830981 | 148,271 | 6260 | 3 | 518.45141959 | 0/1
2026-06-18 02:00 | 🌏 Asia | MARKET | Vol=0 | Tokens=0 | Traders=0 | Fees=0SOL
2026-06-18 02:00 | 🌏 Asia | WURLDCAP | 0.0000023984048 | 2,378 | 326 | 14 | 0.19037656 | 0/0
2026-06-18 02:00 | 🌏 Asia | TOLYBOT | 0.00010715211 | 107,088 | 4797 | 99 | 280.14285958 | 0/0
2026-06-18 02:00 | 🌏 Asia | Opossum | 0.0000252727 | 25,264 | 247 | 27 | 232.38855853 | 0/0
2026-06-18 02:00 | 🌏 Asia | Panda | 0.00013494309 | 134,899 | 426 | 43 | 697.47983562 | 0/0
2026-06-18 02:00 | 🌏 Asia | CupMarkets | 0.00015994033 | 159,898 | 6252 | 3 | 1297.26885484 | 0/0
2026-06-18 10:00 | 🌍 Europe | MARKET | Vol=0 | Tokens=0 | Traders=0 | Fees=0SOL
2026-06-18 10:00 | 🌍 Europe | WURLDCAP | 0.0000023984048 | 2,378 | 326 | 14 | 0 | 0/0
2026-06-18 10:00 | 🌍 Europe | TOLYBOT | 0.00010521891 | 105,156 | 4792 | 99 | 1419.15253077 | 0/0
2026-06-18 10:00 | 🌍 Europe | Opossum | 0.000021793292 | 21,786 | 253 | 27 | 38.56703618 | 0/0
2026-06-18 10:00 | 🌍 Europe | Panda | 0.00012181139 | 121,772 | 428 | 43 | 198.52542593 | 0/0
2026-06-18 10:00 | 🌍 Europe | CupMarkets | 0.00016299328 | 162,949 | 6229 | 3 | 21.94481768 | 0/0
2026-06-18 16:00 | 🌎 US | MARKET | Vol=0 | Tokens=0 | Traders=0 | Fees=0SOL
2026-06-18 16:00 | 🌎 US | WURLDCAP | 0.0000023984048 | 2,378 | 326 | 14 | 0 | 0/0
2026-06-18 16:00 | 🌎 US | TOLYBOT | 0.00013653422 | 136,452 | 4792 | 99 | 2192.099267469 | 0/0
2026-06-18 16:00 | 🌎 US | Opossum | 0.000021059275 | 21,052 | 254 | 27 | 255.46614752 | 0/0
2026-06-18 16:00 | 🌎 US | Panda | 0.00012231919 | 122,280 | 427 | 43 | 185.59257871 | 0/0
2026-06-18 16:00 | 🌎 US | CupMarkets | 0.00016208775 | 162,043 | 6228 | 3 | 21.8263212 | 0/0
2026-06-19 02:00 | 🌏 Asia | MARKET | Vol=0 | Tokens=0 | Traders=0 | Fees=0SOL
2026-06-19 02:00 | 🌏 Asia | WURLDCAP | 0.0000022264992 | 2,207 | 323 | 14 | 0 | 0/0
2026-06-19 02:00 | 🌏 Asia | TOLYBOT | 0.00010378835 | 103,726 | 4819 | 99 | 3065.48511051 | 0/0
2026-06-19 02:00 | 🌏 Asia | Opossum | 0.0000156109 | 15,606 | 251 | 27 | 194.13540369 | 0/0
2026-06-19 02:00 | 🌏 Asia | Panda | 0.00015117421 | 151,125 | 429 | 43 | 259.67052201 | 0/0
2026-06-19 02:00 | 🌏 Asia | CupMarkets | 0.00016611413 | 166,068 | 6204 | 3 | 472.96502751 | 0/0
2026-06-19 10:00 | 🌍 Europe | MARKET | Vol=0 | Tokens=0 | Traders=0 | Fees=0SOL
2026-06-19 10:00 | 🌍 Europe | WURLDCAP | 0.0000022568107 | 2,237 | 322 | 14 | 8.28187794 | 0/0
2026-06-19 10:00 | 🌍 Europe | TOLYBOT | 0.00019051074 | 190,396 | 4857 | 102 | 10778.0060664974 | 1/0
2026-06-19 10:00 | 🌍 Europe | Opossum | 0.000015708193 | 15,703 | 241 | 27 | 8.92585684 | 0/1
2026-06-19 10:00 | 🌍 Europe | Panda | 0.00015654696 | 156,496 | 429 | 43 | 547.62149881 | 0/0
2026-06-19 10:00 | 🌍 Europe | CupMarkets | 0.00015937679 | 159,332 | 6184 | 3 | 45.31635435 | 0/0
2026-06-19 16:00 | 🌎 US | MARKET | Vol=0 | Tokens=0 | Traders=0 | Fees=0SOL
2026-06-19 16:00 | 🌎 US | WURLDCAP | 0.0000021929809 | 2,174 | 321 | 14 | 0 | 0/0
2026-06-19 16:00 | 🌎 US | TOLYBOT | 0.00018383368 | 183,723 | 4874 | 102 | 6892.10701278 | 0/0
2026-06-19 16:00 | 🌎 US | Opossum | 0.000015770381 | 15,765 | 236 | 27 | 50.53674109 | 0/0
2026-06-19 16:00 | 🌎 US | Panda | 0.00015654696 | 156,496 | 429 | 43 | 0 | 0/0
2026-06-19 16:00 | 🌎 US | CupMarkets | 0.00015508225 | 155,038 | 6174 | 3 | 485.32246155 | 0/0
2026-06-20 02:00 | 🌏 Asia | MARKET | Vol=0 | Tokens=0 | Traders=0 | Fees=0SOL
2026-06-20 02:00 | 🌏 Asia | WURLDCAP | 0.0000021886167 | 2,170 | 318 | 14 | 0 | 0/0
2026-06-20 02:00 | 🌏 Asia | TOLYBOT | 0.00016981606 | 169,714 | 4862 | 102 | 1319.55709057 | 0/0
2026-06-20 02:00 | 🌏 Asia | Opossum | 0.000014835495 | 14,831 | 227 | 27 | 61.99713199 | 0/0
2026-06-20 02:00 | 🌏 Asia | Panda | 0.00015438235 | 154,332 | 427 | 43 | 11.3057412 | 0/0
2026-06-20 02:00 | 🌏 Asia | CupMarkets | 0.00014194453 | 141,903 | 6150 | 3 | 1092.76453375 | 0/0
2026-06-20 10:00 | 🌍 Europe | MARKET | Vol=0 | Tokens=0 | Traders=0 | Fees=0SOL
2026-06-20 10:00 | 🌍 Europe | WURLDCAP | 0.0000021886167 | 2,170 | 318 | 14 | 0 | 0/0
2026-06-20 10:00 | 🌍 Europe | TOLYBOT | 0.00018462766 | 184,517 | 4853 | 102 | 1857.59764532 | 0/1
2026-06-20 10:00 | 🌍 Europe | Opossum | 0.000014332463 | 14,328 | 224 | 27 | 28.87727122 | 0/0
2026-06-20 10:00 | 🌍 Europe | Panda | 0.0001566796 | 156,629 | 428 | 43 | 18.63837094 | 0/0
2026-06-20 10:00 | 🌍 Europe | CupMarkets | 0.000070038264 | 70,017 | 6135 | 3 | 77.34717143 | 0/0
2026-06-20 16:00 | 🌎 US | MARKET | Vol=0 | Tokens=0 | Traders=0 | Fees=0SOL
2026-06-20 16:00 | 🌎 US | WURLDCAP | 0.0000021886167 | 2,170 | 318 | 14 | 0 | 0/0
2026-06-20 16:00 | 🌎 US | TOLYBOT | 0.00020548057 | 205,357 | 4873 | 103 | 1531.39773835 | 0/0
2026-06-20 16:00 | 🌎 US | Opossum | 0.000013522642 | 13,518 | 222 | 27 | 186.76585563 | 0/0
2026-06-20 16:00 | 🌎 US | Panda | 0.00016088376 | 160,831 | 427 | 43 | 0 | 0/0
2026-06-20 16:00 | 🌎 US | CupMarkets | 0.000082055778 | 82,031 | 6105 | 3 | 173.6195881 | 0/0
2026-06-21 02:00 | 🌏 Asia | MARKET | Vol=0 | Tokens=0 | Traders=0 | Fees=0SOL
2026-06-21 02:00 | 🌏 Asia | WURLDCAP | 0.0000022595221 | 2,240 | 315 | 14 | 0 | 0/0
2026-06-21 02:00 | 🌏 Asia | TOLYBOT | 0.00026341157 | 263,254 | 4881 | 103 | 2818.84079672 | 0/1
2026-06-21 02:00 | 🌏 Asia | Opossum | 0.000013577645 | 13,573 | 223 | 27 | 0 | 0/0
2026-06-21 02:00 | 🌏 Asia | Panda | 0.00017533369 | 175,277 | 433 | 43 | 0 | 0/0
2026-06-21 02:00 | 🌏 Asia | CupMarkets | 0.0000082683873 | 8,266 | 5942 | 3 | 26.14492311 | 0/0
2026-06-21 10:00 | 🌍 Europe | MARKET | Vol=0 | Tokens=0 | Traders=0 | Fees=0SOL
2026-06-21 10:00 | 🌍 Europe | WURLDCAP | 0.0000022595221 | 2,240 | 315 | 14 | 0 | 0/0
2026-06-21 10:00 | 🌍 Europe | TOLYBOT | 0.00024905011 | 248,901 | 4858 | 103 | 228.44292596 | 0/0
2026-06-21 10:00 | 🌍 Europe | Opossum | 0.000013361941 | 13,358 | 223 | 27 | 20.59217214 | 0/0
2026-06-21 10:00 | 🌍 Europe | Panda | 0.0001813938 | 181,335 | 430 | 43 | 608.2800808 | 0/0
2026-06-21 10:00 | 🌍 Europe | CupMarkets | 0.0000075607402 | 7,558 | 5929 | 3 | 64.64838782 | 0/1
2026-06-22 02:00 | 🌏 Asia | MARKET | Vol=0 | Tokens=0 | Traders=0 | Fees=0SOL
2026-06-22 02:00 | 🌏 Asia | WURLDCAP | 0.0000023138692 | 2,294 | 313 | 14 | 0 | 0/0
2026-06-22 02:00 | 🌏 Asia | TOLYBOT | 0.00027006621 | 269,904 | 4867 | 104 | 1993.86811444 | 1/0
2026-06-22 02:00 | 🌏 Asia | Opossum | 0.000016600017 | 16,595 | 228 | 27 | 0.014628649 | 0/0
2026-06-22 02:00 | 🌏 Asia | Panda | 0.00015482867 | 154,778 | 425 | 43 | 0 | 0/0
2026-06-22 02:00 | 🌏 Asia | CupMarkets | 0.0000073814137 | 7,379 | 5900 | 3 | 1.174892 | 0/0
2026-06-22 10:00 | 🌍 Europe | MARKET | Vol=0 | Tokens=0 | Traders=0 | Fees=0SOL
2026-06-22 10:00 | 🌍 Europe | WURLDCAP | 0.0000023138692 | 2,294 | 313 | 14 | 0 | 0/0
2026-06-22 10:00 | 🌍 Europe | TOLYBOT | 0.00030344341 | 303,261 | 4902 | 104 | 5737.80467259 | 0/0
2026-06-22 10:00 | 🌍 Europe | Opossum | 0.000013846829 | 13,842 | 231 | 27 | 56.6152524 | 0/0
2026-06-22 10:00 | 🌍 Europe | Panda | 0.0001562465 | 156,196 | 428 | 43 | 0 | 0/0
2026-06-22 10:00 | 🌍 Europe | CupMarkets | 0.0000071531508 | 7,151 | 5891 | 3 | 7.47197569 | 0/0
2026-06-22 16:00 | 🌎 US | MARKET | Vol=0 | Tokens=0 | Traders=0 | Fees=0SOL
2026-06-22 16:00 | 🌎 US | WURLDCAP | 0.0000023138692 | 2,294 | 313 | 14 | 0 | 0/0
2026-06-22 16:00 | 🌎 US | TOLYBOT | 0.00030283807 | 302,656 | 4896 | 104 | 1936.7646456 | 1/0
2026-06-22 16:00 | 🌎 US | Opossum | 0.000013825983 | 13,821 | 226 | 27 | 53.42384039 | 0/0
2026-06-22 16:00 | 🌎 US | Panda | 0.00015810348 | 158,052 | 428 | 43 | 0 | 0/0
2026-06-22 16:00 | 🌎 US | CupMarkets | 0.000006984891 | 6,983 | 5879 | 3 | 56.69546461 | 0/0
